City_ID,City,Country,Date,Lat,Lng,Max Temp,Humidity,Cloudiness,Wind Speed,Current Description
0,Zhukovka,RU,23-08-28 14:47:48,53.534,33.728,78.35,61,100,4.23,overcast clouds
1,Talara,PE,23-08-28 14:47:48,-4.5772,-81.2719,75.96,69,0,12.41,clear sky
2,Kondalwadi,IN,23-08-28 14:47:49,18.8,77.7667,75.99,80,31,5.97,scattered clouds
3,Ribeira Grande,PT,23-08-28 14:47:49,38.5167,-28.7,74.77,88,75,16.11,light rain
4,Waitangi,NZ,23-08-28 14:47:49,-43.9535,-176.5597,45.82,82,43,5.01,scattered clouds
5,Ketchikan,US,23-08-28 14:47:49,55.3422,-131.6461,55.87,94,0,0.0,clear sky
6,Thinadhoo,MV,23-08-28 14:47:50,0.5333,72.9333,83.14,74,19,9.37,few clouds
7,Necochea,AR,23-08-28 14:47:18,-38.5473,-58.7368,51.58,52,82,20.89,broken clouds
8,Berberati,CF,23-08-28 14:47:50,4.2612,15.7922,83.59,66,100,4.97,light rain
9,Doctor Alberto Oviedo Mota,MX,23-08-28 14:46:40,32.2275,-115.1697,89.73,17,0,10.22,clear sky
10,Edinburgh Of The Seven Seas,SH,23-08-28 14:47:51,-37.0676,-12.3116,52.99,72,32,14.43,light rain
11,Bethel,US,23-08-28 14:47:51,41.3712,-73.414,77.2,74,100,4.61,overcast clouds
12,Bredasdorp,ZA,23-08-28 14:47:51,-34.5322,20.0403,65.82,66,0,9.01,clear sky
13,Luau,AO,23-08-28 14:47:52,-10.7073,22.2247,92.35,10,0,11.3,clear sky
14,Geraldton,AU,23-08-28 14:47:52,-28.7667,114.6,57.61,88,0,5.75,clear sky
15,Chibougamau,CA,23-08-28 14:43:21,49.9168,-74.3659,64.02,52,0,8.05,clear sky
16,Adamstown,PN,23-08-28 14:47:53,-25.066,-130.1015,69.64,88,100,23.0,overcast clouds
17,Bilibino,RU,23-08-28 14:47:53,68.0546,166.4372,44.55,89,100,2.17,overcast clouds
18,Mar Del Plata,AR,23-08-28 14:47:53,-38.0023,-57.5575,51.94,63,0,17.0,clear sky
19,Tafuna,AS,23-08-28 14:47:54,-14.3358,-170.72,78.75,83,75,19.57,broken clouds
20,Tiksi,RU,23-08-28 14:47:54,71.6872,128.8694,43.92,87,87,6.17,overcast clouds
21,Brookings,US,23-08-28 14:44:05,44.3114,-96.7984,70.14,82,0,0.0,clear sky
22,Port Saint John'S,ZA,23-08-28 14:47:54,-31.6229,29.5448,69.31,63,0,15.82,clear sky
23,Lebu,CL,23-08-28 14:47:55,-37.6167,-73.65,49.23,92,100,11.01,overcast clouds
24,Namibe,AO,23-08-28 14:47:55,-15.1961,12.1522,66.85,78,24,13.24,few clouds
25,Jose Maria Morelos,MX,23-08-28 14:47:56,23.3952,-103.8984,63.39,73,29,4.29,scattered clouds
26,Hadibu,YE,23-08-28 14:47:56,12.65,54.0333,81.55,74,5,18.32,clear sky
27,Pemangkat,ID,23-08-28 14:47:56,1.1667,108.9667,80.58,80,69,10.56,broken clouds
28,Vila Do Maio,CV,23-08-28 14:47:56,15.1333,-23.2167,86.79,80,50,16.31,scattered clouds
29,Port-Aux-Francais,TF,23-08-28 14:47:57,-49.35,70.2167,38.98,89,100,46.28,overcast clouds
30,Cadale,SO,23-08-28 14:47:57,2.7603,46.3222,78.67,79,99,18.52,overcast clouds
31,Qaqortoq,GL,23-08-28 14:47:57,60.7167,-46.0333,51.78,45,26,7.02,scattered clouds
32,Mizdah,LY,23-08-28 14:47:57,31.4451,12.9801,103.05,12,0,20.71,clear sky
33,Kapa'A,US,23-08-28 14:47:58,22.0752,-159.319,80.92,84,75,13.8,light rain
34,Kupang,ID,23-08-28 14:47:58,-10.1667,123.5833,75.79,79,83,11.61,broken clouds
35,Humberston,GB,23-08-28 14:47:58,53.5304,-0.0246,67.98,77,20,6.91,few clouds
36,Anadyr,RU,23-08-28 14:47:59,64.75,177.4833,48.7,93,40,8.95,scattered clouds
37,Gualeguay,AR,23-08-28 14:47:59,-33.1416,-59.3097,56.19,41,94,12.37,overcast clouds
38,Saint-Philippe,RE,23-08-28 14:47:59,-21.3585,55.7679,74.79,79,50,6.93,scattered clouds
39,Dzhambeyty,KZ,23-08-28 14:47:59,50.2536,52.595,59.76,45,98,18.16,overcast clouds
40,Waddan,LY,23-08-28 14:48:00,29.1614,16.139,109.62,11,51,15.23,broken clouds
41,Haiku-Pauwela,US,23-08-28 14:48:00,20.9219,-156.3051,75.04,78,0,5.01,clear sky
42,Remire-Montjoly,GF,23-08-28 14:48:00,4.9167,-52.2667,89.64,62,75,9.22,broken clouds
43,Thompson,CA,23-08-28 14:48:01,55.7435,-97.8558,51.96,100,100,3.44,light rain
44,Vilyuchinsk,RU,23-08-28 14:48:01,52.9306,158.4028,50.27,81,49,7.81,scattered clouds
45,Fort Bragg,US,23-08-28 14:48:01,35.139,-79.006,80.46,97,100,3.44,overcast clouds
46,Yuzhno-Kurilsk,RU,23-08-28 14:48:01,44.0306,145.8556,62.04,97,86,10.65,overcast clouds
47,Baklan,TR,23-08-28 14:48:02,37.9769,29.6086,82.69,26,1,14.34,clear sky
48,Stanley,GB,23-08-28 14:48:02,54.868,-1.6985,63.79,65,20,9.22,few clouds
49,Nyzhni Sirohozy,UA,23-08-28 14:49:02,46.8484,34.3804,96.28,23,6,10.09,clear sky
50,Doka,SD,23-08-28 14:49:03,13.5167,35.7667,85.5,66,6,5.86,clear sky
51,Swift Current,CA,23-08-28 14:49:03,50.2834,-107.8014,59.81,77,0,9.22,clear sky
52,Isafjordur,IS,23-08-28 14:49:03,66.0755,-23.124,55.44,67,40,10.36,scattered clouds
53,Mata-Utu,WF,23-08-28 14:49:04,-13.2816,-176.1745,80.62,79,83,24.63,light rain
54,Kourou,GF,23-08-28 14:49:04,5.1552,-52.6478,89.65,58,20,8.23,few clouds
55,Carutapera,BR,23-08-28 14:49:05,-1.195,-46.02,88.95,56,4,9.28,clear sky
56,Wailua Homesteads,US,23-08-28 14:49:05,22.0669,-159.378,79.59,84,75,13.8,light rain
57,Longyearbyen,SJ,23-08-28 14:49:05,78.2186,15.6401,48.04,81,75,9.22,broken clouds
58,Nemuro,JP,23-08-28 14:49:05,43.3236,145.575,62.4,96,100,21.7,overcast clouds
59,Cabo San Lucas,MX,23-08-28 14:47:43,22.8909,-109.9124,85.51,69,2,9.86,clear sky
60,Piatykhatky,UA,23-08-28 14:49:06,48.4133,33.7106,94.53,24,18,11.25,few clouds
61,Reggane,DZ,23-08-28 14:49:06,26.7158,0.1714,111.18,14,28,11.83,scattered clouds
62,Kuala Tungkal,ID,23-08-28 14:49:07,-0.8167,103.4667,79.45,83,11,1.86,few clouds
63,Great Bend,US,23-08-28 14:49:07,38.3645,-98.7648,74.61,78,0,9.22,clear sky
64,Kingston,JM,23-08-28 14:49:07,17.997,-76.7936,91.24,74,20,10.36,few clouds
65,Saudarkrokur,IS,23-08-28 14:49:07,65.7461,-19.6394,50.74,79,100,6.26,overcast clouds
66,Georgetown,MY,23-08-28 14:47:57,5.4112,100.3354,84.15,82,20,1.14,few clouds
67,Fale Old Settlement,TK,23-08-28 14:49:08,-9.3852,-171.2468,82.67,70,84,17.02,broken clouds
68,Nova Vicosa,BR,23-08-28 14:49:08,-17.8919,-39.3719,71.33,89,100,15.21,overcast clouds
69,Port Elizabeth,ZA,23-08-28 14:48:33,-33.918,25.5701,66.49,68,0,8.05,clear sky
70,Pendleton,US,23-08-28 14:45:28,45.6721,-118.7886,84.58,64,0,0.0,clear sky
71,Puerto Baquerizo Moreno,EC,23-08-28 14:49:09,-0.9,-89.6,77.99,73,40,14.97,scattered clouds
72,Jamestown,US,23-08-28 14:46:50,42.097,-79.2353,70.02,73,100,4.61,overcast clouds
73,Hawaiian Paradise Park,US,23-08-28 14:49:10,19.5933,-154.9731,70.03,96,100,4.61,light rain
74,Coquimbo,CL,23-08-28 14:44:16,-29.9533,-71.3436,60.53,55,0,3.44,clear sky
75,Luderitz,NA,23-08-28 14:49:11,-26.6481,15.1594,78.33,27,0,6.55,clear sky
76,Ambon,ID,23-08-28 14:49:11,-3.6954,128.1814,81.88,95,73,16.44,broken clouds
77,Birjand,IR,23-08-28 14:49:11,32.8663,59.2211,88.27,13,0,13.8,clear sky
78,Jayapura,ID,23-08-28 14:49:11,-2.5333,140.7,76.39,89,89,4.92,overcast clouds
79,Puerto Natales,CL,23-08-28 14:47:28,-51.7236,-72.4875,42.26,77,40,8.05,scattered clouds
80,West Island,CC,23-08-28 14:49:12,-12.1568,96.8225,76.98,78,16,8.05,few clouds
81,Iqaluit,CA,23-08-28 14:45:54,63.7506,-68.5145,44.33,65,75,9.22,broken clouds
82,Nar'Yan-Mar,RU,23-08-28 14:49:13,67.6713,53.087,47.86,78,100,5.14,overcast clouds
83,Prince Rupert,CA,23-08-28 14:49:14,54.3161,-130.3201,58.69,98,0,3.44,clear sky
84,Schierling,DE,23-08-28 14:49:14,48.8333,12.1333,59.97,91,100,13.42,light rain
85,Grytviken,GS,23-08-28 14:49:14,-54.2811,-36.5092,28.71,60,83,3.56,broken clouds
86,Carrigaline,IE,23-08-28 14:49:15,51.8117,-8.3986,64.15,72,75,6.91,broken clouds
87,Avarua,CK,23-08-28 14:49:15,-21.2078,-159.775,69.85,68,69,8.05,broken clouds
88,Fatsa,TR,23-08-28 14:49:15,41.0278,37.5014,80.4,66,78,4.32,broken clouds
89,Aswan,EG,23-08-28 14:49:15,24.0934,32.907,114.1,10,0,14.97,clear sky
90,Iowa Falls,US,23-08-28 14:49:16,42.5225,-93.2513,72.81,68,0,4.61,clear sky
91,Invercargill,NZ,23-08-28 14:47:46,-46.4,168.35,49.01,97,100,11.99,overcast clouds
92,Sitka,US,23-08-28 14:49:16,57.0531,-135.33,57.09,88,20,0.0,few clouds
93,Itoman,JP,23-08-28 14:49:17,26.1247,127.6694,84.58,84,75,6.91,broken clouds
94,Khanbari,NP,23-08-28 14:49:17,27.3747,87.2039,72.41,93,100,0.94,overcast clouds
95,Horta,PT,23-08-28 14:49:17,38.5333,-28.6333,74.01,88,75,16.11,light rain
96,Olonkinbyen,SJ,23-08-28 14:49:17,70.9221,-8.7187,42.21,90,86,9.75,overcast clouds
97,Ushuaia,AR,23-08-28 14:50:18,-54.8,-68.3,38.86,87,75,4.61,broken clouds
98,Dogondoutchi,NE,23-08-28 14:50:18,13.6393,4.0287,92.55,41,100,7.67,overcast clouds
99,Guiuan,PH,23-08-28 14:50:18,11.0333,125.7247,83.86,79,92,15.46,overcast clouds
100,Udachny,RU,23-08-28 14:50:18,66.4167,112.4,57.45,93,98,3.4,overcast clouds
101,Novyy Urgal,RU,23-08-28 14:50:19,51.0736,132.5642,51.91,89,0,0.27,clear sky
102,Hermanus,ZA,23-08-28 14:50:19,-34.4187,19.2345,78.8,60,0,6.85,clear sky
103,Katsuura,JP,23-08-28 14:50:19,35.1333,140.3,79.79,91,80,13.42,broken clouds
104,Margaret River,AU,23-08-28 14:50:20,-33.95,115.0667,54.25,79,72,9.84,broken clouds
105,Ilulissat,GL,23-08-28 14:50:20,69.2167,-51.1,44.62,81,75,8.05,broken clouds
106,Papatowai,NZ,23-08-28 14:50:20,-46.5619,169.4708,47.46,90,100,12.73,overcast clouds
107,Bridgewater,CA,23-08-28 14:50:20,44.3835,-64.5155,73.11,69,0,3.0,clear sky
108,College,US,23-08-28 14:50:21,64.8569,-147.8028,48.18,94,75,0.0,broken clouds
109,Hithadhoo,MV,23-08-28 14:50:21,-0.6,73.0833,82.27,78,33,11.83,scattered clouds
110,Dunedin,NZ,23-08-28 14:50:21,-45.8742,170.5036,51.8,56,97,11.01,overcast clouds
111,Rio Preto Da Eva,BR,23-08-28 14:50:22,-2.6994,-59.6997,100.35,25,0,5.97,clear sky
112,Yellowknife,CA,23-08-28 14:50:22,62.456,-114.3525,55.42,97,75,5.75,smoke
113,Hamilton,US,23-08-28 14:48:00,39.1834,-84.5333,74.98,69,0,9.22,clear sky
114,Baiyin,CN,23-08-28 14:50:23,36.5583,104.2081,68.23,44,5,16.53,clear sky
115,East London,ZA,23-08-28 14:50:23,-33.0153,27.9116,70.74,60,0,9.22,clear sky
116,Kodiak,US,23-08-28 14:50:24,57.79,-152.4072,53.11,94,100,5.75,light rain
117,Taoudenni,ML,23-08-28 14:50:24,22.6783,-3.9836,108.86,20,54,11.1,broken clouds
118,Nowshahr,IR,23-08-28 14:50:24,36.649,51.496,84.15,58,20,9.22,few clouds
119,Saldanha,ZA,23-08-28 14:50:25,-33.0117,17.9442,87.85,45,0,3.2,clear sky
120,Revda,RU,23-08-28 14:50:25,56.801,59.9303,47.62,97,100,8.59,moderate rain
121,Uturoa,PF,23-08-28 14:50:25,-16.7333,-151.4333,78.1,73,10,2.73,clear sky
122,Gutao,CN,23-08-28 14:50:26,37.2025,112.1781,64.33,57,0,3.56,clear sky
123,Puerto Ayora,EC,23-08-28 14:50:26,-0.7393,-90.3518,80.56,88,100,8.01,overcast clouds
124,Talnakh,RU,23-08-28 14:50:27,69.4865,88.3972,52.21,87,14,5.7,few clouds
125,Polyarnyy,RU,23-08-28 14:50:27,69.1989,33.4478,56.16,70,14,3.78,few clouds
126,Timimoun,DZ,23-08-28 14:50:27,29.2639,0.231,107.98,13,100,1.14,haze
127,Tvoroyri,FO,23-08-28 14:50:27,61.5556,-6.8111,52.45,97,100,12.68,light rain
128,La Ronge,CA,23-08-28 14:50:28,55.1001,-105.2842,62.82,82,75,9.22,smoke
129,Arteaga,MX,23-08-28 14:50:28,18.4667,-102.4167,70.38,81,32,1.43,scattered clouds
130,Santa Vitoria Do Palmar,BR,23-08-28 14:50:28,-33.5189,-53.3681,56.41,60,37,3.44,scattered clouds
131,Ancud,CL,23-08-28 14:50:29,-41.8697,-73.8203,48.79,77,8,10.76,light rain
132,Punta Arenas,CL,23-08-28 14:50:17,-53.15,-70.9167,41.65,77,62,14.61,broken clouds
133,Saint-Francois,FR,23-08-28 14:50:29,46.4154,3.9054,70.68,49,20,14.97,few clouds
134,Fortuna,US,23-08-28 14:50:29,40.5982,-124.1573,57.92,94,100,6.91,overcast clouds
135,Teluk Nibung,ID,23-08-28 14:50:30,3.001,99.8164,75.74,94,80,6.69,broken clouds
136,San Patricio,US,23-08-28 14:50:30,28.017,-97.5169,89.91,50,2,5.41,clear sky
137,Badger,US,23-08-28 14:50:31,64.8,-147.5333,48.11,95,100,0.0,overcast clouds
138,Nyurba,RU,23-08-28 14:50:31,63.2842,118.3319,61.75,69,91,2.42,overcast clouds
139,Hono,SE,23-08-28 14:50:31,57.6897,11.6497,66.49,80,3,11.07,clear sky
140,Rawson,AR,23-08-28 14:50:32,-43.3002,-65.1023,58.73,43,100,23.24,overcast clouds
141,Ta`U,AS,23-08-28 14:50:32,-14.2336,-169.5144,77.97,80,86,25.37,overcast clouds
142,Jackson,US,23-08-28 14:46:46,42.4165,-122.8345,61.86,75,100,0.0,haze
143,Barra De Santo Antonio,BR,23-08-28 14:51:33,-9.4047,-35.5072,85.28,61,1,5.97,clear sky
144,Santona,ES,23-08-28 14:51:33,43.4439,-3.4576,71.91,82,91,17.74,light rain
145,Blackmans Bay,AU,23-08-28 14:51:34,-43.0167,147.3167,48.69,80,82,5.88,light rain
146,Constantia,RO,23-08-28 14:51:34,44.1833,28.65,90.7,50,0,8.55,clear sky
147,Chu,KZ,23-08-28 14:51:35,43.5983,73.7614,58.51,66,6,12.8,clear sky
148,Al Jawf,SA,23-08-28 14:51:35,29.5,38.75,94.48,11,3,13.91,clear sky
149,Kimbe,PG,23-08-28 14:51:35,-5.5502,150.1429,76.59,87,48,6.42,scattered clouds
150,Susuman,RU,23-08-28 14:51:36,62.7833,148.1667,41.61,88,30,2.3,scattered clouds
151,Nadym,RU,23-08-28 14:51:36,65.5333,72.5167,54.68,64,23,8.86,few clouds
152,Los Frentones,AR,23-08-28 14:51:37,-26.4077,-61.4137,69.3,21,1,6.64,clear sky
153,Ust-Nera,RU,23-08-28 14:51:37,64.5667,143.2,54.86,76,15,2.73,few clouds
154,La Passe,FR,23-08-28 14:51:37,45.5549,-0.8967,77.23,55,9,18.84,clear sky
155,Nouadhibou,MR,23-08-28 14:51:38,20.931,-17.0347,87.78,51,45,16.11,sand
156,Dudinka,RU,23-08-28 14:51:38,69.4058,86.1778,52.63,81,99,6.82,overcast clouds
157,Lihue,US,23-08-28 14:51:39,21.9789,-159.3672,80.19,79,75,13.8,light rain
158,Lospalos,TL,23-08-28 14:51:39,-8.5186,127.0025,69.89,81,97,7.2,overcast clouds
159,Posadas,AR,23-08-28 14:48:30,-27.3671,-55.8961,60.78,51,0,8.05,clear sky
160,Vikulovo,RU,23-08-28 14:51:40,56.8167,70.6107,52.5,98,100,7.02,overcast clouds
161,Nova Sintra,CV,23-08-28 14:51:40,14.8667,-24.7167,76.28,77,93,15.01,overcast clouds
162,Mana,GF,23-08-28 14:51:40,5.6592,-53.7767,88.57,63,19,8.84,few clouds
163,North Ward,AU,23-08-28 14:51:40,-19.2454,146.8075,66.11,82,1,5.75,clear sky
164,Pamandzi,YT,23-08-28 14:51:41,-12.7967,45.2794,78.58,73,0,8.05,clear sky
165,Aasiaat,GL,23-08-28 14:51:41,68.7098,-52.8699,38.34,86,100,12.62,overcast clouds
166,Vila Franca Do Campo,PT,23-08-28 14:51:41,37.7167,-25.4333,77.41,70,66,11.43,broken clouds
167,Mumbai,IN,23-08-28 14:43:34,19.0144,72.8479,82.38,89,40,6.91,haze
168,Krapivinskiy,RU,23-08-28 14:51:42,54.9992,86.8133,66.7,82,100,3.22,overcast clouds
169,Tela,HN,23-08-28 14:51:42,15.7833,-87.45,82.35,74,75,0.0,broken clouds
170,Zheleznogorsk-Ilimskiy,RU,23-08-28 14:51:43,56.5768,104.1217,60.98,73,42,2.59,scattered clouds
171,Meget,RU,23-08-28 14:51:43,52.415,104.0494,61.56,82,18,5.03,few clouds
172,Madang,PG,23-08-28 14:51:43,-5.2246,145.7966,78.19,91,99,3.0,overcast clouds
173,Mantua,IT,23-08-28 14:51:43,45.1667,10.7833,74.95,61,87,8.79,moderate rain
174,Minzhu,CN,23-08-28 14:51:44,43.7286,127.3447,63.5,92,100,5.03,light rain
175,Asau,RO,23-08-28 14:51:44,46.4333,26.4,94.28,22,0,8.43,clear sky
176,Petropavlovsk-Kamchatsky,RU,23-08-28 14:51:45,53.0452,158.6483,48.79,93,75,6.71,broken clouds
177,Weno,FM,23-08-28 14:51:45,7.4515,151.8468,78.75,94,100,5.75,light intensity shower rain
178,Rio Grande,BR,23-08-28 14:50:22,-32.035,-52.0986,62.71,60,2,2.51,clear sky
179,Klyuchi,RU,23-08-28 14:51:45,52.2667,79.1667,66.96,51,100,5.91,overcast clouds
180,Antofagasta,CL,23-08-28 14:51:46,-23.65,-70.4,65.48,58,14,6.8,few clouds
181,Shimla,IN,23-08-28 14:48:03,31.1,77.1667,59.04,85,0,3.22,clear sky
182,Sandnessjoen,NO,23-08-28 14:51:46,66.0217,12.6316,66.72,72,75,5.75,light rain
183,Fort Frances,CA,23-08-28 14:51:46,48.5999,-93.4003,63.16,82,75,0.0,broken clouds
184,Vallegrande,BO,23-08-28 14:51:47,-18.4897,-64.1069,66.74,45,23,5.77,few clouds
185,Pekan,MY,23-08-28 14:51:47,3.4836,103.3996,77.11,89,9,4.99,clear sky
186,Palikir - National Government Center,FM,23-08-28 14:51:47,6.9248,158.1611,80.87,77,100,6.02,moderate rain
187,Sinop,TR,23-08-28 14:51:48,41.7711,34.8709,73.83,55,0,7.54,clear sky
188,Atafu Village,TK,23-08-28 14:51:48,-8.5421,-172.5159,82.58,77,95,13.53,light rain
189,Manaure,CO,23-08-28 14:51:48,11.7751,-72.4445,88.99,62,91,5.48,overcast clouds
190,Beberibe,BR,23-08-28 14:49:06,-4.1797,-38.1306,84.49,59,87,9.57,overcast clouds
191,Steinkjer,NO,23-08-28 14:52:49,64.193,11.3851,54.54,97,100,3.69,overcast clouds
192,Albany,US,23-08-28 14:46:45,42.6001,-73.9662,73.81,80,0,1.01,clear sky
193,Port Lincoln,AU,23-08-28 14:52:50,-34.7333,135.8667,60.01,65,91,11.39,overcast clouds
194,Juneau,US,23-08-28 14:50:30,58.3019,-134.4197,63.1,100,75,0.0,mist
195,Taltal,CL,23-08-28 14:52:50,-25.4,-70.4833,65.93,57,25,2.68,scattered clouds
196,Ad Darb,SA,23-08-28 14:52:50,17.7229,42.2526,98.83,34,29,12.84,scattered clouds
197,El Calafate,AR,23-08-28 14:48:31,-50.3408,-72.2768,38.28,70,0,6.82,clear sky
198,Mizan Teferi,ET,23-08-28 14:52:51,6.9833,35.5833,73.24,72,52,1.34,broken clouds
199,Torres,BR,23-08-28 14:52:51,-29.3353,-49.7269,59.83,56,0,4.21,clear sky
200,Khovd,MN,23-08-28 14:52:52,48.0056,91.6419,75.29,23,95,4.99,overcast clouds
201,Rongelap,MH,23-08-28 14:52:52,11.1635,166.8941,82.6,80,53,13.91,broken clouds
202,Tsiombe,MG,23-08-28 14:52:52,-25.3,45.4833,66.18,57,86,12.66,overcast clouds
203,Kragujevac,RS,23-08-28 14:52:53,44.0167,20.9167,95.29,17,90,9.8,overcast clouds
204,Calvinia,ZA,23-08-28 14:52:53,-31.4707,19.776,74.86,14,0,16.06,clear sky
205,Liman,UA,23-08-28 14:52:53,48.9884,37.8023,85.68,33,86,7.74,overcast clouds
206,Rosarito,MX,23-08-28 14:51:16,32.3333,-117.0333,74.39,60,0,8.1,clear sky
207,Fortaleza,BR,23-08-28 14:48:08,-3.7227,-38.5247,86.13,62,75,11.5,broken clouds
208,Bruay-Sur-L'Escaut,FR,23-08-28 14:52:54,50.3992,3.5438,71.33,64,95,10.2,overcast clouds
209,Savanna-La-Mar,JM,23-08-28 14:52:54,18.219,-78.1332,87.75,71,100,10.71,overcast clouds
210,Kelibia,TN,23-08-28 14:52:55,36.8476,11.0939,82.65,44,40,12.66,scattered clouds
211,Geneseo,US,23-08-28 14:52:55,42.7959,-77.8169,71.04,74,57,3.78,broken clouds
212,Leo,BF,23-08-28 14:52:55,11.1,-2.1,82.56,72,99,8.3,moderate rain
213,Keflavik,IS,23-08-28 14:52:56,64.0049,-22.5624,57.11,71,75,21.85,broken clouds
214,Silifke,TR,23-08-28 14:52:56,36.3778,33.9344,84.99,63,23,10.49,few clouds
215,Ankang,CN,23-08-28 14:52:56,32.68,109.0172,69.67,81,2,2.42,clear sky
216,Goba,ET,23-08-28 14:52:56,7.0167,39.9833,58.37,75,28,6.06,scattered clouds
217,Saint-Affrique,FR,23-08-28 14:52:57,43.9558,2.8892,67.78,45,32,19.62,light rain
218,Tumaco,CO,23-08-28 14:52:57,1.7986,-78.8156,81.91,77,45,7.65,scattered clouds
219,Kalininsk,RU,23-08-28 14:52:57,51.5,44.4758,63.66,41,11,12.41,few clouds
220,Shache,CN,23-08-28 14:52:58,38.4167,77.2406,73.71,69,95,29.17,light rain
221,Brieselang,DE,23-08-28 14:52:58,52.5833,13.0,71.1,57,100,2.86,overcast clouds
222,Alice Springs,AU,23-08-28 14:51:10,-23.7,133.8833,51.35,30,0,4.61,clear sky
223,Nizhniy Kuranakh,RU,23-08-28 14:52:58,58.8353,125.4869,57.09,90,30,2.08,scattered clouds
224,Tura,IN,23-08-28 14:52:59,25.5198,90.2201,75.13,89,98,3.31,overcast clouds
225,Carnarvon,AU,23-08-28 14:52:59,-24.8667,113.6333,67.3,71,0,11.48,clear sky
226,Amet,IN,23-08-28 14:52:59,25.3,73.9333,76.33,72,0,9.42,clear sky
227,Iskateley,RU,23-08-28 14:53:00,67.6803,53.1512,47.79,78,100,5.17,overcast clouds
228,Port Mathurin,MU,23-08-28 14:53:00,-19.6833,63.4167,72.9,78,16,23.64,few clouds
229,Kununurra,AU,23-08-28 14:53:00,-15.7667,128.7333,66.18,55,100,0.0,overcast clouds
230,Rundu,NA,23-08-28 14:53:00,-17.9333,19.7667,87.58,20,36,12.19,scattered clouds
231,Kingaroy,AU,23-08-28 14:53:01,-26.5333,151.8333,49.59,95,63,3.74,broken clouds
232,Galliano,US,23-08-28 14:53:01,29.4422,-90.2992,86.0,70,0,10.36,clear sky
233,Tindouf,DZ,23-08-28 14:53:01,27.6711,-8.1474,109.85,11,0,14.97,clear sky
234,Freetown,SL,23-08-28 14:53:02,8.484,-13.2299,74.91,100,75,4.61,moderate rain
235,Baikonur,KZ,23-08-28 14:53:02,45.6167,63.3167,70.18,27,54,14.16,broken clouds
236,Gao,ML,23-08-28 14:53:03,16.6362,1.637,99.72,24,92,12.44,overcast clouds
237,Oskaloosa,US,23-08-28 14:53:03,41.2964,-92.6444,73.4,64,0,0.0,clear sky
238,Qamdo,CN,23-08-28 14:53:04,31.1667,97.2333,44.15,78,90,4.05,overcast clouds
239,San Luis De La Loma,MX,23-08-28 14:53:04,17.2706,-100.8939,84.88,73,25,4.83,scattered clouds
240,Borba,BR,23-08-28 14:53:05,-4.3878,-59.5939,101.26,24,0,4.63,clear sky
241,Bikenibeu Village,KI,23-08-28 14:54:05,1.3673,173.1241,82.2,74,100,10.8,light rain
242,Manokwari,ID,23-08-28 14:49:19,-0.8667,134.0833,79.03,82,95,3.31,overcast clouds
243,Pont Rouge,CA,23-08-28 14:54:06,48.8833,-72.0825,64.69,57,0,4.94,clear sky
244,Altai,MN,23-08-28 14:54:06,46.3722,96.2583,62.04,37,0,4.68,clear sky
245,Tumut,AU,23-08-28 14:54:07,-35.3,148.2167,47.14,91,36,4.45,scattered clouds
246,Las Heras,AR,23-08-28 14:54:07,-46.5419,-68.9359,48.16,54,93,16.96,overcast clouds
247,Semirom,IR,23-08-28 14:54:07,31.4167,51.5667,75.04,13,0,5.73,clear sky
248,Kaa-Khem,RU,23-08-28 14:54:08,51.6833,94.7333,75.81,34,80,6.4,broken clouds
249,Nova Xavantina,BR,23-08-28 14:54:08,-14.6667,-52.35,96.15,31,0,5.19,clear sky
250,Juegang,CN,23-08-28 14:54:08,32.3174,121.1855,75.9,97,100,9.42,overcast clouds
251,Whitehorse,CA,23-08-28 14:54:09,60.7161,-135.0538,54.81,71,20,3.44,few clouds
252,Cherdyn',RU,23-08-28 14:54:09,60.403,56.4787,50.47,90,58,5.73,broken clouds
253,Queenstown,ZA,23-08-28 14:52:11,-31.8976,26.8753,71.56,14,3,2.51,clear sky
254,Whakatane,NZ,23-08-28 14:54:09,-37.9585,176.9854,37.89,97,6,6.2,clear sky
255,Mastic Beach,US,23-08-28 14:53:55,40.7668,-72.8521,73.13,82,100,6.91,overcast clouds
256,Trincomalee,LK,23-08-28 14:54:10,8.5711,81.2335,84.0,74,100,6.17,overcast clouds
257,Saurimo,AO,23-08-28 14:54:10,-9.6608,20.3916,91.72,24,0,9.22,clear sky
258,Gebeit,SD,23-08-28 14:54:11,21.0667,36.3167,102.11,12,51,12.39,broken clouds
259,Saint-Pierre,RE,23-08-28 14:54:11,-21.3393,55.4781,74.88,73,20,14.97,light rain
260,Dhidhdhoo,MV,23-08-28 14:54:11,6.8833,73.1,82.53,77,91,10.13,overcast clouds
261,Kot Mumin,PK,23-08-28 14:54:12,32.1895,73.028,93.2,44,91,12.37,overcast clouds
262,Lerwick,GB,23-08-28 14:54:12,60.1545,-1.1494,57.2,77,89,14.43,overcast clouds
263,Sterling,US,23-08-28 14:47:15,39.0062,-77.4286,77.34,78,75,7.0,broken clouds
264,Lesnikovo,RU,23-08-28 14:54:13,55.2822,65.3175,56.57,55,78,6.93,broken clouds
265,Puerto Aysen,CL,23-08-28 14:54:13,-45.4,-72.7,42.84,93,75,0.0,broken clouds
266,Lazaro Cardenas,MX,23-08-28 14:54:13,17.9583,-102.2,84.31,74,19,5.26,few clouds
267,Gadzhiyevo,RU,23-08-28 14:54:13,69.2551,33.3362,54.55,73,13,5.37,few clouds
268,Hobyo,SO,23-08-28 14:54:14,5.3505,48.5268,78.91,78,6,28.25,clear sky
269,Arenapolis,BR,23-08-28 14:52:20,-14.4503,-56.8461,95.94,29,0,3.24,clear sky
270,Kapuskasing,CA,23-08-28 14:54:14,49.4169,-82.4331,57.29,67,40,10.36,scattered clouds
271,Saipan,MP,23-08-28 14:54:15,15.1355,145.701,79.5,89,20,8.05,few clouds
272,Nagqu,CN,23-08-28 14:54:15,31.5,92.0,40.21,95,100,4.16,overcast clouds
273,Fort Mcmurray,CA,23-08-28 14:54:16,56.7268,-111.381,60.31,94,0,5.75,mist
274,Mount Gambier,AU,23-08-28 14:54:16,-37.8333,140.7667,49.48,77,100,6.15,overcast clouds
275,Kirensk,RU,23-08-28 14:54:16,57.7853,108.1119,61.61,83,11,1.72,few clouds
276,Georgiyevka,KZ,23-08-28 14:54:17,43.0369,74.7114,60.84,77,20,8.95,few clouds
277,Nuuk,GL,23-08-28 14:54:17,64.1835,-51.7216,47.57,64,100,40.13,overcast clouds
278,Praia Da Vitoria,PT,23-08-28 14:54:17,38.7333,-27.0667,79.05,83,20,13.18,few clouds
279,Flying Fish Cove,CX,23-08-28 14:54:18,-10.4217,105.6791,74.88,88,75,9.22,broken clouds
280,Broken Hill,AU,23-08-28 14:54:18,-31.95,141.4333,57.83,43,1,7.0,clear sky
281,Castillos,UY,23-08-28 14:54:18,-34.1667,-53.8333,55.83,62,31,5.59,scattered clouds
282,Kailua-Kona,US,23-08-28 14:52:57,19.6406,-155.9956,75.16,83,40,5.99,scattered clouds
283,Klaksvik,FO,23-08-28 14:54:20,62.2266,-6.589,52.72,83,100,1.45,overcast clouds
284,Reyes,BO,23-08-28 14:54:20,-14.3167,-67.3833,80.56,44,75,5.75,broken clouds
285,Crane,US,23-08-28 14:54:21,31.3974,-102.3501,77.07,64,80,8.21,broken clouds
286,Rowlett,US,23-08-28 14:50:38,32.9029,-96.5639,85.37,68,0,10.0,clear sky
287,Sydney,AU,23-08-28 14:50:42,-33.8679,151.2073,57.36,87,40,8.05,scattered clouds
288,Mao,ES,23-08-28 14:54:22,39.8885,4.2658,79.36,47,20,17.27,few clouds
289,Hotan,CN,23-08-28 14:55:22,37.0997,79.9269,77.67,26,99,5.06,overcast clouds
290,Touros,BR,23-08-28 14:55:23,-5.1989,-35.4608,86.27,57,9,13.6,clear sky
291,Shingu,JP,23-08-28 14:55:23,33.7333,135.9833,75.43,92,71,4.25,broken clouds
292,Auki,SB,23-08-28 14:55:23,-8.7676,160.7034,75.85,88,83,8.32,broken clouds
293,Tazovsky,RU,23-08-28 14:55:24,67.4667,78.7,50.63,70,14,3.85,few clouds
294,Balabac,PH,23-08-28 14:55:24,7.9868,117.0645,83.7,79,84,17.56,broken clouds
295,St. John'S,CA,23-08-28 14:51:37,47.5649,-52.7093,71.67,91,100,12.66,light intensity shower rain
296,El Granada,US,23-08-28 14:55:25,37.5027,-122.4694,66.09,90,100,12.66,mist
297,The Dalles,US,23-08-28 14:55:25,45.5946,-121.1787,72.21,81,0,12.66,haze
298,Salinopolis,BR,23-08-28 14:52:28,-0.6136,-47.3561,86.09,63,0,10.11,clear sky
299,Nizao,DO,23-08-28 14:55:26,18.25,-70.2,88.36,72,57,6.13,broken clouds
300,Bela,IN,23-08-28 14:55:26,25.9333,81.9833,79.9,77,93,6.62,overcast clouds
301,Ponta Delgada,PT,23-08-28 14:55:26,37.7333,-25.6667,77.72,73,75,16.11,broken clouds
302,Bowen,AU,23-08-28 14:51:29,-20.0167,148.2333,66.07,82,0,11.34,clear sky
303,Hami,CN,23-08-28 14:55:27,42.8,93.45,90.37,12,81,25.61,broken clouds
304,Xinglongshan,CN,23-08-28 14:55:27,43.9561,125.4661,67.75,83,40,6.71,light rain
305,Chui,UY,23-08-28 14:55:28,-33.6971,-53.4616,56.08,62,65,3.4,broken clouds
306,Guerrero Negro,MX,23-08-28 14:55:28,27.9769,-114.0611,71.64,78,0,5.73,clear sky
307,Ulanhot,CN,23-08-28 14:55:28,46.0833,122.0833,58.28,87,43,6.85,scattered clouds
308,Alice,US,23-08-28 14:53:08,27.7523,-98.0697,87.49,76,0,4.61,clear sky
309,Argo,GR,23-08-28 14:55:30,37.6333,22.7333,89.78,47,40,5.77,scattered clouds
310,Kayangel,PW,23-08-28 14:55:30,8.0823,134.7173,82.4,82,100,13.87,light rain
311,Cooper'S Town,BS,23-08-28 14:55:30,26.8667,-77.5167,83.46,71,16,3.42,few clouds
312,Punta Alta,AR,23-08-28 14:55:31,-38.8759,-62.0736,60.08,39,96,27.11,overcast clouds
313,Chengde,CN,23-08-28 14:55:31,40.9725,117.9361,61.07,64,1,5.75,clear sky
314,Makoua,CG,23-08-28 14:55:32,0.0069,15.6333,86.47,59,69,4.47,broken clouds
315,Kerikeri,NZ,23-08-28 14:55:32,-35.2268,173.9474,37.9,91,3,3.87,clear sky
316,Salaqi,CN,23-08-28 14:55:32,40.5414,110.5108,68.54,31,3,7.58,clear sky
317,Lodwar,KE,23-08-28 14:55:32,3.1191,35.5973,94.32,25,66,12.12,broken clouds
318,Wanxian,CN,23-08-28 14:55:33,30.8039,108.3897,74.84,86,15,1.63,few clouds
319,Chaman,PK,23-08-28 14:55:33,30.9236,66.4512,83.75,12,0,10.22,clear sky
320,Port Alfred,ZA,23-08-28 14:54:21,-33.5906,26.891,69.19,75,8,4.0,clear sky
321,Noshiro,JP,23-08-28 14:55:34,40.2039,140.0242,75.0,90,71,2.08,broken clouds
322,Papao,PF,23-08-28 14:55:34,-17.75,-149.55,76.68,76,36,9.73,scattered clouds
323,Alofi,NU,23-08-28 14:55:34,-19.0595,-169.9187,62.49,88,75,1.14,broken clouds
324,Kill Devil Hills,US,23-08-28 14:51:21,36.0307,-75.676,84.2,85,75,6.91,broken clouds
325,Kokomo,US,23-08-28 14:43:54,40.4864,-86.1336,68.22,80,0,6.91,clear sky
326,Bay Roberts,CA,23-08-28 14:55:35,47.5999,-53.2648,72.05,88,94,7.0,overcast clouds
327,Syktyvkar,RU,23-08-28 14:55:36,61.6764,50.8099,55.13,76,20,7.0,few clouds
328,Cannonvale,AU,23-08-28 14:55:36,-20.2833,148.7,69.19,78,0,12.93,clear sky
329,Emerald,AU,23-08-28 14:55:36,-23.5333,148.1667,55.35,61,4,8.59,clear sky
330,Tomatlan,MX,23-08-28 14:55:36,19.9333,-105.25,79.21,85,100,3.31,overcast clouds
331,Itamaraca,BR,23-08-28 14:55:37,-7.7478,-34.8256,82.45,56,31,5.99,scattered clouds
332,Krasnyy Yar,RU,23-08-28 14:55:37,46.5331,48.3456,84.13,51,92,11.72,light rain
333,Minas De Marcona,PE,23-08-28 14:55:37,-15.2119,-75.1103,62.38,66,38,11.52,scattered clouds
334,Sinabang,ID,23-08-28 14:55:37,2.4803,96.3801,79.88,81,99,2.93,overcast clouds
335,Monrovia,LR,23-08-28 14:55:38,6.3005,-10.7969,82.17,74,96,11.61,overcast clouds
336,Vodice,HR,23-08-28 14:55:38,43.7608,15.7828,84.16,75,100,22.84,overcast clouds
337,Mili,MH,23-08-28 14:56:38,6.0815,171.735,82.8,75,100,8.41,light rain
338,Covington,US,23-08-28 14:56:39,39.0837,-84.5086,75.88,68,0,9.22,clear sky
339,Kowary,PL,23-08-28 14:56:39,50.7931,15.8356,60.85,99,100,24.0,overcast clouds
340,Caleta Olivia,AR,23-08-28 14:56:39,-46.4393,-67.5281,52.56,46,98,22.06,overcast clouds
341,Mossel Bay,ZA,23-08-28 14:56:40,-34.1831,22.146,75.13,64,0,8.1,clear sky
342,Laguna,US,23-08-28 14:56:40,38.421,-121.4238,79.09,75,0,3.0,clear sky
343,Fonte Boa,BR,23-08-28 14:56:40,-2.4959,-66.2662,88.34,51,66,2.13,broken clouds
344,San Antonio De Pale,GQ,23-08-28 14:56:40,-1.4014,5.6325,75.99,82,17,10.92,few clouds
345,Kani Keli,YT,23-08-28 14:56:41,-12.9536,45.1033,78.06,71,1,11.83,clear sky
346,El Nido,PH,23-08-28 14:56:41,11.1858,119.3956,81.72,84,100,18.63,moderate rain
347,Dalbandin,PK,23-08-28 14:56:41,28.8947,64.4101,94.44,14,1,14.67,clear sky
348,Gargalianoi,GR,23-08-28 14:56:42,37.0667,21.6333,88.36,65,0,6.87,clear sky
349,Lompoc,US,23-08-28 14:56:42,34.6391,-120.4579,78.78,100,0,5.75,clear sky
350,Colby,US,23-08-28 14:56:42,39.3958,-101.0524,70.09,70,75,14.97,broken clouds
351,Rafsanjan,IR,23-08-28 14:56:42,30.4067,55.9939,92.21,13,3,7.61,clear sky
352,Huron,US,23-08-28 14:56:43,41.1501,-82.5499,70.68,78,0,9.13,clear sky
353,New Norfolk,AU,23-08-28 14:56:43,-42.7826,147.0587,50.88,95,96,3.47,overcast clouds
354,Recani,MA,23-08-28 14:56:43,31.2846,-4.2688,99.59,12,0,9.37,clear sky
355,Tulun,RU,23-08-28 14:53:48,54.5611,100.5792,64.31,78,96,5.28,overcast clouds
356,Caleta De Carquin,PE,23-08-28 14:56:44,-11.0925,-77.6267,69.53,72,43,10.18,scattered clouds
357,Codrington,AU,23-08-28 14:56:44,-38.2667,141.9667,51.66,85,100,7.52,overcast clouds
358,Mezhdurechenskiy,RU,23-08-28 14:56:45,59.6,65.9333,53.94,79,100,6.93,overcast clouds
359,Garachico,ES,23-08-28 14:56:45,28.7781,-17.7646,77.11,61,40,18.41,scattered clouds
360,Nishinoomote,JP,23-08-28 14:56:45,30.7333,131.0,81.46,82,17,16.64,few clouds
361,Hasaki,JP,23-08-28 14:56:45,35.7333,140.8333,80.31,89,90,14.23,overcast clouds
362,Mejit,MH,23-08-28 14:56:46,10.2753,170.8646,81.59,78,65,13.06,moderate rain
363,Sandakan,MY,23-08-28 14:56:46,5.8402,118.1179,83.88,83,20,1.14,few clouds
364,Ribeira Brava,PT,23-08-28 14:56:46,32.65,-17.0667,83.71,65,0,4.59,clear sky
365,Urangan,AU,23-08-28 14:56:47,-25.3,152.9,64.74,74,20,8.57,few clouds
366,Tofol,FM,23-08-28 14:56:47,5.3248,163.0078,84.33,73,99,11.12,light rain
367,Las Lomas,PA,23-08-28 14:53:50,8.4333,-82.4,83.61,79,20,2.3,few clouds
368,Port Arthur,CN,23-08-28 14:56:47,38.8,121.2667,70.02,85,92,19.8,overcast clouds
369,Ovalle,CL,23-08-28 14:56:48,-30.5983,-71.2003,70.45,24,1,3.69,clear sky
370,Kismayo,SO,23-08-28 14:56:48,-0.3582,42.5454,78.53,79,5,15.57,clear sky
371,Winburg,ZA,23-08-28 14:56:48,-28.518,27.0093,69.33,13,0,4.79,clear sky
372,Duong Dong,VN,23-08-28 14:56:48,10.2167,103.9667,84.2,84,40,9.22,scattered clouds
373,Keskin,TR,23-08-28 14:56:49,39.6731,33.6136,80.87,22,4,12.21,clear sky
374,Ulladulla,AU,23-08-28 14:56:49,-35.35,150.4667,52.21,90,83,5.03,broken clouds
375,Beloyarskiy,RU,23-08-28 14:56:49,63.7119,66.6722,51.78,71,9,5.21,clear sky
376,Llandudno,GB,23-08-28 14:56:50,53.325,-3.8315,63.88,42,47,4.0,scattered clouds
377,Sinan,KR,23-08-28 14:56:50,34.8262,126.1086,80.71,90,100,17.52,overcast clouds
378,Paracuru,BR,23-08-28 14:56:50,-3.41,-39.0306,82.11,64,100,9.4,light rain
379,Narasannapeta,IN,23-08-28 14:56:50,18.4167,84.05,83.16,75,49,6.62,scattered clouds
380,Cooma,AU,23-08-28 14:56:51,-36.2333,149.1333,40.19,94,2,3.91,clear sky
381,Grand Forks,US,23-08-28 14:56:51,47.9417,-97.4337,66.13,82,0,11.5,haze
382,Bokoro,TD,23-08-28 14:56:51,12.3807,17.0568,94.64,42,79,6.78,broken clouds
383,Tyukhtet,RU,23-08-28 14:56:52,56.5389,89.3011,69.35,75,100,5.79,overcast clouds
384,Aban,RU,23-08-28 14:56:52,56.67,96.06,67.41,75,99,7.45,overcast clouds
385,Vilhena,BR,23-08-28 14:56:52,-12.7406,-60.1458,79.02,65,0,11.5,clear sky
386,Saint Croix,VI,23-08-28 14:56:52,17.7397,-64.7388,90.05,66,40,10.36,scattered clouds
387,Tabou,CI,23-08-28 14:57:53,4.423,-7.3528,79.5,75,100,8.37,overcast clouds
388,Lae,PG,23-08-28 14:57:53,-6.7221,146.9847,75.13,88,92,2.71,overcast clouds
389,Kudahuvadhoo,MV,23-08-28 14:57:54,2.6708,72.8944,82.18,76,38,8.46,scattered clouds
390,Sarangani,PH,23-08-28 14:57:54,5.4033,125.4636,82.58,78,58,9.1,broken clouds
391,Happy Valley-Goose Bay,CA,23-08-28 14:57:54,53.3168,-60.3315,62.91,72,20,0.0,few clouds
392,Yen Vinh,VN,23-08-28 14:57:54,18.6667,105.6667,82.78,77,100,2.01,overcast clouds
393,Newman,US,23-08-28 14:57:55,37.3138,-121.0208,66.25,11,0,4.05,clear sky
394,Kayes,ML,23-08-28 14:57:55,14.0,-11.0,83.01,74,87,7.99,moderate rain
395,Pontianak,ID,23-08-28 14:57:55,-0.0333,109.3333,78.78,88,40,3.44,scattered clouds
396,Rumoi,JP,23-08-28 14:57:55,43.9344,141.6428,64.36,93,74,4.99,broken clouds
397,Nelson Bay,AU,23-08-28 14:57:56,-32.7167,152.15,57.99,92,21,4.0,few clouds
398,Chonchi,CL,23-08-28 14:57:56,-42.6128,-73.8092,51.12,83,39,5.08,light rain
399,Sarankhola,BD,23-08-28 14:57:56,22.3082,89.7897,82.63,82,38,4.23,scattered clouds
400,Groningen,NL,23-08-28 14:54:43,53.25,6.75,69.1,68,100,8.05,overcast clouds
401,Tolanaro,MG,23-08-28 14:57:57,-25.0319,46.9987,69.87,68,40,11.5,light rain
402,Ibimirim,BR,23-08-28 14:57:57,-8.5406,-37.6903,94.35,26,0,4.18,clear sky
403,Floro,NO,23-08-28 14:57:57,61.5996,5.0328,59.07,72,75,8.05,broken clouds
404,Ormara,PK,23-08-28 14:57:58,25.2088,64.6357,79.77,83,28,20.47,scattered clouds
405,Puerto Armuelles,PA,23-08-28 14:57:58,8.2833,-82.8667,84.18,72,46,1.01,light rain
406,Inhambane,MZ,23-08-28 14:57:58,-23.865,35.3833,68.68,64,89,13.96,overcast clouds
407,Balqash,KZ,23-08-28 14:57:58,46.8481,74.995,68.59,37,0,17.9,clear sky
408,Ijebu-Jesa,NG,23-08-28 14:57:59,7.6833,4.8167,83.5,67,76,5.44,broken clouds
409,Kavaratti,IN,23-08-28 14:57:59,10.5669,72.642,82.65,74,99,8.39,overcast clouds
410,Iowa Park,US,23-08-28 14:57:59,33.9515,-98.6687,84.94,59,0,9.22,clear sky
411,Tono,JP,23-08-28 14:58:00,39.3167,141.5333,70.9,96,39,1.74,scattered clouds
412,Coronel Du Graty,AR,23-08-28 14:58:00,-27.6804,-60.9146,69.03,22,0,10.67,clear sky
413,Beledweyne,SO,23-08-28 14:58:00,4.7358,45.2036,92.97,31,87,26.93,overcast clouds
414,South Hedland,AU,23-08-28 14:58:01,-20.4089,118.5983,66.13,52,5,5.75,clear sky
415,Xilin Hot,CN,23-08-28 14:58:01,43.9667,116.0333,55.47,63,49,6.69,scattered clouds
416,Hamma Bouziane,DZ,23-08-28 14:58:01,36.412,6.596,81.37,31,40,18.41,scattered clouds
417,Sabang,ID,23-08-28 14:58:02,5.8933,95.3214,83.44,75,7,20.89,clear sky
418,Loango,CG,23-08-28 14:58:02,-4.6719,11.8312,78.46,78,40,10.36,scattered clouds
419,Thunder Bay,CA,23-08-28 14:56:42,48.4001,-89.3168,58.98,82,75,3.44,broken clouds
420,Howard Springs,AU,23-08-28 14:58:03,-12.497,131.047,73.31,86,100,2.73,overcast clouds
421,Ixtapa,MX,23-08-28 14:54:15,20.7,-105.2,81.23,84,100,2.48,overcast clouds
422,Pokhara,NP,23-08-28 14:58:05,28.2333,83.9833,70.39,93,12,3.76,few clouds
423,Thurso,GB,23-08-28 14:58:05,58.5927,-3.5259,59.25,79,90,14.05,overcast clouds
424,Kavieng,PG,23-08-28 14:58:06,-2.5744,150.7967,80.92,81,94,12.46,overcast clouds
425,El Dorado,US,23-08-28 14:56:32,38.7666,-120.5177,74.68,44,0,3.8,clear sky
426,Dan Gora,NG,23-08-28 14:58:07,11.5349,8.1522,89.56,46,53,1.14,broken clouds
427,Bukene,TZ,23-08-28 14:58:07,-4.2333,32.8833,86.27,15,7,9.08,clear sky
428,Trondheim,NO,23-08-28 14:58:07,63.4305,10.3951,59.99,84,100,1.68,overcast clouds
429,Peace River,CA,23-08-28 14:58:07,56.2501,-117.286,53.91,93,0,5.75,smoke
430,Antsiranana,MG,23-08-28 14:58:08,-12.2787,49.2917,79.56,57,20,11.5,few clouds
431,San Jose De Jachal,AR,23-08-28 14:58:08,-30.2406,-68.7469,68.99,15,0,4.05,clear sky
432,Birao,CF,23-08-28 14:58:08,10.2849,22.7882,84.85,65,93,6.4,overcast clouds
433,Olinda,BR,23-08-28 14:58:09,-8.0089,-34.8553,82.13,65,20,8.05,few clouds
434,Hilo,US,23-08-28 14:58:09,19.7297,-155.09,72.63,95,100,4.61,light rain
435,Porbandar,IN,23-08-28 14:59:10,21.6422,69.6093,82.2,67,92,15.86,overcast clouds
436,La'Ie,US,23-08-28 14:59:11,21.6477,-157.9253,75.16,78,17,1.99,light rain
437,Castuera,ES,23-08-28 14:59:11,38.732,-5.5439,85.1,16,0,7.49,clear sky
438,Lodja,CD,23-08-28 14:59:11,-3.4833,23.4333,81.03,60,96,6.87,overcast clouds
439,Serchhip,IN,23-08-28 14:59:12,23.3,92.8333,68.16,99,94,1.1,overcast clouds
440,Daru,PG,23-08-28 14:59:12,-9.0763,143.2092,75.63,85,95,15.55,overcast clouds
441,Zeya,RU,23-08-28 14:59:12,53.75,127.2667,54.48,75,27,3.33,scattered clouds
442,Selfoss,IS,23-08-28 14:59:13,63.9331,-20.9971,59.04,75,90,8.55,overcast clouds
443,Enewetak,MH,23-08-28 14:59:13,11.3474,162.3373,81.54,80,100,19.75,overcast clouds
444,Utrik,MH,23-08-28 14:59:13,11.2278,169.8474,82.85,76,87,13.85,overcast clouds
445,Gilford,US,23-08-28 14:59:14,43.5476,-71.4067,73.42,86,100,6.91,overcast clouds
446,Nikolayevsk-On-Amure,RU,23-08-28 14:59:14,53.1406,140.73,54.81,77,2,2.84,clear sky
447,Okondja,GA,23-08-28 14:59:15,-0.6549,13.6753,81.84,78,95,3.44,light rain
448,Hachinohe,JP,23-08-28 14:59:15,40.5,141.5,72.61,93,30,3.09,scattered clouds
449,Genhe,CN,23-08-28 14:59:17,50.7833,121.5167,56.89,62,97,1.72,overcast clouds
450,Wenchang,CN,23-08-28 14:59:17,30.904,118.4887,67.87,97,100,5.17,overcast clouds
451,Ust'-Barguzin,RU,23-08-28 14:59:18,53.45,108.9833,60.13,77,53,4.54,broken clouds
452,Okeho,NG,23-08-28 14:59:18,8.0333,3.35,80.92,69,67,4.83,broken clouds
453,Laojunmiao,CN,23-08-28 14:59:18,39.8333,97.7333,66.9,22,95,19.89,overcast clouds
454,Martinsville,US,23-08-28 14:54:21,36.6915,-79.8725,74.35,94,100,3.44,heavy intensity rain
455,Tabuk,PH,23-08-28 14:59:19,17.4189,121.4443,74.71,95,100,3.58,overcast clouds
456,Tadine,NC,23-08-28 14:59:20,-21.55,167.8833,66.87,80,68,13.27,broken clouds
457,Yeppoon,AU,23-08-28 14:59:20,-23.1333,150.7333,60.58,84,3,8.03,clear sky
458,Wanning,CN,23-08-28 14:59:21,18.8003,110.3967,81.86,87,100,3.91,overcast clouds
459,Cukai,MY,23-08-28 14:59:21,4.25,103.4167,77.0,89,91,5.35,light rain
460,Smithers,CA,23-08-28 14:59:21,54.7804,-127.1743,48.52,93,40,4.61,smoke
461,Axim,GH,23-08-28 14:59:22,4.8699,-2.2405,78.19,84,95,9.91,light rain
462,Tumayr,SA,23-08-28 14:59:22,25.7039,45.868,105.22,9,7,8.79,clear sky
463,Nogliki,RU,23-08-28 14:59:22,51.8333,143.1667,53.91,75,0,9.4,clear sky
464,Mokhsogollokh,RU,23-08-28 14:59:23,61.4681,128.9203,59.16,73,26,2.04,scattered clouds
465,San Pedro Pochutla,MX,23-08-28 14:59:23,15.7333,-96.4667,77.72,88,100,3.18,light rain
466,Aykhal,RU,23-08-28 14:59:23,66.0,111.5,60.87,81,99,2.57,overcast clouds
467,Richfield,US,23-08-28 14:57:54,44.8833,-93.283,74.8,67,20,12.66,few clouds
468,Howrah,IN,23-08-28 14:59:24,22.5892,88.3103,89.6,70,40,3.44,haze
469,Monte Caseros,AR,23-08-28 14:59:24,-30.2536,-57.6363,58.73,39,0,13.18,clear sky
470,Nago,JP,23-08-28 14:59:25,26.5881,127.9761,84.63,85,3,7.54,clear sky
471,Bathsheba,BB,23-08-28 14:59:25,13.2167,-59.5167,86.61,79,20,12.66,few clouds
472,Raduzhny,RU,23-08-28 14:59:25,62.0961,77.475,57.49,74,100,8.03,overcast clouds
473,Tazacorte,ES,23-08-28 14:59:26,28.629,-17.9293,79.77,61,40,18.41,scattered clouds
474,Salaga,GH,23-08-28 14:59:26,8.5508,-0.5188,80.49,79,100,1.92,moderate rain
475,Puerto Deseado,AR,23-08-28 14:59:26,-47.7503,-65.8938,46.67,67,100,16.08,overcast clouds
476,Arteche,PH,23-08-28 14:59:27,12.2645,125.4048,81.09,79,100,10.67,overcast clouds
477,Cabedelo,BR,23-08-28 14:59:27,-6.9811,-34.8339,84.87,63,62,8.93,broken clouds
478,Haldensleben I,DE,23-08-28 14:59:28,52.2891,11.4098,70.83,50,100,4.21,overcast clouds
479,Sur,OM,23-08-28 14:59:28,22.5667,59.5289,88.34,66,95,3.29,overcast clouds
480,Aksu,CN,23-08-28 14:59:28,41.1231,80.2644,78.26,25,23,8.16,few clouds
481,West Plains,US,23-08-28 15:00:25,36.7281,-91.8524,75.09,79,75,10.36,broken clouds
482,Arraial Do Cabo,BR,23-08-28 15:00:32,-22.9661,-42.0278,64.26,88,100,12.66,mist
483,Debila,DZ,23-08-28 15:00:33,33.5167,6.95,95.07,23,0,11.5,haze
484,Gumdag,TM,23-08-28 15:00:37,39.2061,54.5906,86.36,16,0,13.24,clear sky
485,Itaituba,BR,23-08-28 15:00:38,-4.2761,-55.9836,95.16,52,0,5.75,clear sky
486,Talagang,PK,23-08-28 15:00:38,32.9297,72.4158,86.47,54,33,13.62,scattered clouds
487,Kemijarvi,FI,23-08-28 15:00:39,66.7131,27.4306,64.51,59,100,6.31,overcast clouds
488,Pisco,PE,23-08-28 15:00:48,-13.7,-76.2167,68.05,68,100,13.8,overcast clouds
489,Sainyabuli,LA,23-08-28 15:00:49,19.25,101.75,72.68,98,85,1.34,overcast clouds
490,Solwezi,ZM,23-08-28 15:00:49,-12.1688,26.3894,80.55,25,10,11.1,clear sky
491,El Sauzal De Rodriguez,MX,23-08-28 15:00:50,31.9,-116.6833,79.84,44,0,3.6,clear sky
492,Leyva Solano,MX,23-08-28 15:00:50,25.6667,-108.6417,87.96,77,0,4.79,clear sky
493,Colares,PT,23-08-28 15:00:50,38.7992,-9.4469,82.08,55,20,26.46,few clouds
494,Sao Joao Do Piaui,BR,23-08-28 15:00:51,-8.3581,-42.2467,98.28,24,0,5.91,clear sky
495,Weihai,CN,23-08-28 14:58:34,37.5017,122.1136,74.32,83,74,25.05,broken clouds
496,Yoko,CM,23-08-28 15:00:52,5.5333,12.3167,77.49,84,97,0.2,moderate rain
497,Barentu,ER,23-08-28 15:00:53,15.1139,37.5928,85.82,47,72,8.55,broken clouds
498,Belmonte,BR,23-08-28 15:00:55,-15.8631,-38.8828,83.98,59,71,4.36,broken clouds
499,Palmer,US,23-08-28 15:00:55,42.1584,-72.3287,75.78,68,75,0.0,broken clouds
500,Akrehamn,NO,23-08-28 15:00:56,59.2667,5.1833,59.25,82,75,6.91,broken clouds
501,Benguela,AO,23-08-28 15:00:56,-12.5763,13.4055,70.45,85,64,8.34,broken clouds
502,Soe,ID,23-08-28 15:00:56,-9.8607,124.284,65.41,83,100,7.83,overcast clouds
503,Champerico,GT,23-08-28 15:01:02,14.3,-91.9167,84.42,76,88,1.23,overcast clouds
504,Villa Hernandarias,AR,23-08-28 15:01:04,-31.231,-59.985,58.24,28,0,12.01,clear sky
505,Dryden,CA,23-08-28 15:01:05,49.7833,-92.7503,62.89,94,100,3.44,overcast clouds
506,Sao Jose Da Coroa Grande,BR,23-08-28 15:01:05,-8.8978,-35.1478,84.6,57,6,6.58,clear sky
507,Tobruk,LY,23-08-28 15:01:06,32.0836,23.9764,81.0,80,0,9.73,clear sky
508,Terrace,CA,23-08-28 15:01:07,54.5163,-128.6035,55.31,76,20,5.75,smoke
509,Eskisehir,TR,23-08-28 15:00:36,39.7767,30.5206,79.68,39,0,12.21,clear sky
510,Shimoda,JP,23-08-28 15:01:08,34.6667,138.95,78.1,89,70,8.12,broken clouds
511,Vila Velha,BR,23-08-28 15:01:00,-20.3297,-40.2925,69.75,93,100,6.91,light rain
512,Kenai,US,23-08-28 15:01:10,60.5544,-151.2583,51.15,93,100,5.21,light rain
513,Port Douglas,AU,23-08-28 15:01:00,-16.4833,145.4667,63.73,97,100,3.87,light rain
514,Camargo,MX,23-08-28 15:01:11,27.6667,-105.1667,78.51,29,100,4.07,overcast clouds
515,Hammerfest,NO,23-08-28 14:59:32,70.6634,23.6821,64.85,52,0,6.91,clear sky
516,Caernarfon,GB,23-08-28 15:01:13,53.1413,-4.2702,63.09,33,75,14.97,broken clouds
517,Saimbeyli,TR,23-08-28 15:01:14,37.9863,36.0906,67.73,70,93,6.85,light rain
518,Ringim,NG,23-08-28 15:01:15,12.1548,9.1619,93.78,36,83,0.69,broken clouds
519,Vorgashor,RU,23-08-28 15:01:15,67.5833,63.95,45.64,88,85,1.57,overcast clouds
520,Grand Falls-Windsor,CA,23-08-28 14:59:45,48.9332,-55.6649,68.5,88,86,11.18,light rain
521,Malango,ID,23-08-28 15:01:16,-2.9627,119.9001,64.38,98,44,1.92,scattered clouds
522,Niamey,NE,23-08-28 14:57:01,13.5137,2.1098,93.49,40,0,6.91,clear sky
523,Kolonia Town,FM,23-08-28 15:01:17,6.964,158.206,81.99,77,100,5.1,moderate rain
524,Miquelon,PM,23-08-28 15:01:18,47.0975,-56.3814,66.2,86,9,23.06,clear sky
525,Camenca,MD,23-08-28 15:01:18,48.0319,28.6978,101.19,15,1,6.35,clear sky
526,Deqen,CN,23-08-28 15:01:19,29.9618,90.7188,52.23,81,24,5.23,few clouds
527,Villa Bruzual,VE,23-08-28 15:01:19,9.3328,-69.1208,85.93,71,11,4.65,few clouds
528,Akureyri,IS,23-08-28 15:00:10,65.6835,-18.0878,53.53,66,75,5.75,broken clouds
529,Fort St. John,CA,23-08-28 15:00:00,56.2499,-120.8529,60.69,63,0,6.91,smoke
530,Boende,CD,23-08-28 15:02:21,-0.2167,20.8667,90.1,48,86,2.33,overcast clouds
531,Baker City,US,23-08-28 15:01:08,44.7749,-117.8344,77.65,39,0,2.37,clear sky
532,Quellon,CL,23-08-28 15:02:22,-43.1167,-73.6167,46.65,87,40,6.91,light rain
533,Salalah,OM,23-08-28 15:02:22,17.0151,54.0924,78.71,87,55,5.75,broken clouds
534,Lemvig,DK,23-08-28 15:02:23,56.5486,8.3102,64.2,78,18,14.29,few clouds
535,Ulan Bator,MN,23-08-28 15:02:24,47.9077,106.8832,55.53,67,0,4.47,clear sky
536,Santo Antonio Do Monte,BR,23-08-28 15:02:25,-20.0872,-45.2936,72.45,62,89,3.74,overcast clouds
537,Oltinko'L,UZ,23-08-28 15:02:25,40.8011,72.1634,66.97,50,1,7.52,clear sky
538,Opuwo,NA,23-08-28 15:02:26,-18.0607,13.84,92.44,10,0,10.11,clear sky
539,Withernsea,GB,23-08-28 15:01:57,53.7311,0.0335,66.94,69,95,5.93,overcast clouds
540,La Maddalena,IT,23-08-28 15:02:27,41.2142,9.4083,73.56,62,97,40.71,overcast clouds
541,Sisimiut,GL,23-08-28 15:02:28,66.9395,-53.6735,40.14,95,100,14.43,heavy intensity rain
542,Barabai,ID,23-08-28 15:02:28,-2.5833,115.3833,74.91,80,0,2.8,clear sky
543,Mount Isa,AU,23-08-28 15:01:22,-20.7333,139.5,53.37,58,0,0.0,clear sky
544,Pacific Grove,US,23-08-28 15:01:44,36.6177,-121.9166,61.45,93,0,11.99,clear sky
545,Pitmoaga,BF,23-08-28 15:02:29,12.2397,-1.8767,87.42,52,91,7.23,overcast clouds
546,Sibut,CF,23-08-28 15:02:30,5.718,19.0739,85.48,72,28,2.53,light rain
547,Khash,IR,23-08-28 15:02:31,28.2211,61.2158,84.11,20,18,13.42,few clouds
548,Kargasok,RU,23-08-28 15:02:32,59.0556,80.8572,58.33,97,100,6.8,overcast clouds
549,Palu,ID,23-08-28 15:02:32,-0.8917,119.8707,75.88,96,50,2.75,scattered clouds
550,Maamba,ZM,23-08-28 15:02:33,-17.3667,27.15,77.09,37,2,8.61,clear sky
551,Beyneu,KZ,23-08-28 15:02:33,45.3167,55.2,80.17,32,92,14.76,overcast clouds
552,Glace Bay,CA,23-08-28 15:02:34,46.1969,-59.957,70.21,74,75,11.5,broken clouds
553,Sao Vicente,BR,23-08-28 15:01:39,-23.9631,-46.3919,66.38,88,75,4.61,broken clouds
554,Roma,US,23-08-28 14:58:22,43.2128,-75.4557,72.73,76,8,1.01,clear sky
555,Zaragoza,ES,23-08-28 15:02:35,41.6561,-0.8773,77.45,43,40,29.93,scattered clouds
556,Porto Novo,BJ,23-08-28 15:02:36,6.4965,2.6036,80.42,73,91,7.87,overcast clouds
557,Ola,RU,23-08-28 15:02:36,59.5833,151.2833,55.15,70,12,9.04,few clouds
558,Vernon,CA,23-08-28 14:59:17,50.2581,-119.2691,60.33,63,27,8.05,scattered clouds
559,Doba,TD,23-08-28 15:02:37,8.65,16.85,87.69,67,81,3.65,light rain
560,Slupsk,PL,23-08-28 14:59:15,54.4641,17.0287,67.44,67,97,10.2,overcast clouds
561,Taulaga,AS,23-08-28 15:02:38,-11.0553,-171.0883,81.77,77,91,16.78,light rain
562,Las Khorey,SO,23-08-28 15:02:39,11.1595,48.1967,92.44,51,23,1.97,few clouds
563,Labytnangi,RU,23-08-28 15:02:40,66.6572,66.4183,51.39,63,31,3.94,scattered clouds
564,Yichang,CN,23-08-28 15:02:40,30.7144,111.2847,70.39,87,57,2.89,broken clouds
565,Ebon,MH,23-08-28 15:02:40,4.582,168.6964,82.71,70,83,2.1,light rain
566,Khandyga,RU,23-08-28 15:02:41,62.6667,135.6,56.82,92,52,1.01,broken clouds
567,Nakambala,ZM,23-08-28 15:02:41,-15.8324,27.7799,71.78,39,71,9.44,broken clouds
568,Nayoro,JP,23-08-28 15:01:18,44.3506,142.4578,62.73,95,100,4.94,overcast clouds
569,Urmary,RU,23-08-28 15:02:42,55.6789,47.944,52.23,59,67,17.13,broken clouds
570,Nabire,ID,23-08-28 15:02:42,-3.3667,135.4833,77.23,91,100,2.35,overcast clouds
571,Progreso,MX,23-08-28 15:02:42,21.2833,-89.6667,88.11,76,26,9.33,light rain
572,Vorotynets,RU,23-08-28 15:02:43,56.0603,45.8633,55.06,50,44,10.38,scattered clouds
573,Bemidji,US,23-08-28 15:02:43,47.4736,-94.8803,71.69,81,40,3.44,scattered clouds
